一	i3
丁	diŋ-
丁	žeŋ-
七	ci3
万	uan2
万	mə3
丈	žaŋ2
三	san-
三	san2
上	šaŋ2
下	xia2
与	y1
丌	gi-
丌	ki+
不	bu3
不	feu1
丑	čeu1
丏	mian1
丐	gai2
且	ce1
且	zy-
且	cy1
且	zu+
丕	pi-
世	š2
丙	biŋ1
丘	kiu-
丞	čeŋ+
丞	šeŋ2
丟	diu-
並	biŋ2
並	biŋ1
丨	gun1
丩	giu-
丩	giu1
丫	ia-
个	go2
中	žuŋ-
中	žuŋ2
丰	fuŋ-
丱	guan2
丱	guŋ1
串	čuan2
串	guan2
丳	čan1
丶	žu1
丸	uan+
丹	dan-
主	žu1
乓	pa-
乓	pa3
乓	peŋ-
乓	paŋ-
丿	pie3
丿	iau1
丿	i2
乂	ŋai2
乂	i2
乃	nai1
乃	ai2
久	giu1
之	ž-
乍	ža2
乍	zo3
乎	xu+
乎	xu-
乏	fa3
乒	piŋ-
乖	čeŋ+
乘	čeŋ2
乙	i3
乜	mie1
乜	mie3
九	giu1
九	kiu+
九	giu-
乞	ki1
乞	ki2
也	ie1
也	ie2
㐌	to-
㐌	i+
乩	gi-
厾	ba2
厾	du3
厾	žuo3
乳	ru1
乾	kian+
乾	gan-
亂	luan2
亄	i3
亄	i2
亅	gye3
了	liau1
予	y+
予	y1
事	š2
事	z2
㐨	sy2
二	er2
于	y+
于	xy-
于	y-
亍	ču3
亍	žu2
云	yn+
互	xu2
五	u1
井	zŋ1
亘	geŋ2
亘	syan-
亙	geŋ2
况	kuaŋ2
些	se-
些	so2
些	so-
亞	ia2
亞	ia1
亞	ia-
亞	o3
亟	gi3
亟	ki2
亠	teu+
亡	uaŋ+
亡	u+
亢	gaŋ-
亢	kaŋ2
交	giau-
亥	xai2
亦	i3
亨	xeŋ-
亨	xiaŋ1
亨	peŋ-
享	xiaŋ1
享	xeŋ-
京	giŋ-
亭	tiŋ+
亮	liaŋ2
亮	liaŋ+
亳	bo3
亶	dan1
亶	dan2
亶	žan-
亶	tan1
亶	šan+
亹	wei1
亹	ui1
亹	men+
人	ren+
什	š3
什	šen+
仁	ren+
仃	diŋ-
仄	zə3
仆	fu2
仆	peu2
仆	pu3
仇	kiu+
仇	čeu+
仉	žaŋ1
今	gin-
介	giai2
介	gie3
仍	reŋ+
仂	lə3
仂	li3
从	cuŋ+
仔	z1
仔	z-
仔	zai1
仕	š2
他	ta-
他	to-
仗	žaŋ2
付	fu2
仙	san-
仞	ren2
仟	can-
仡	ki3
仡	u3
代	dai2
令	liŋ2
令	liŋ+
以	i1
以	s2
仚	xian-
仚	san-
仝	tuŋ+
仢	bo3
仢	di3
仰	iaŋ1
仰	iaŋ2
仰	ŋang+
仲	žuŋ2
休	xiu-
休	xy2
仵	u1
仵	u2
件	gian2
价	giai2
价	gia2
任	ren+
任	ren2
份	fen-
份	bin-
仿	faŋ1
仿	faŋ+
企	ki2
伉	kaŋ2
伉	gaŋ-
伊	i-
伋	gi3
伍	u1
伏	fu3
伏	feu2
伐	fa3
仳	pi1
仳	pi+
伈	sn1
伈	sn-
伎	gi2
伎	ki+
伎	ž2
伅	tun2
伃	y+
伙	xuo1
伙	xuo2
伯	bə3
伯	ba2
估	gu1
估	gu2
伴	ban2
伴	pan2
伶	liŋ+
伶	liŋ2
伸	šen-
伺	c-
伺	c2
伺	s-
伻	beŋ-
似	s2
伽	gia-
伽	kia+
伽	kie+
伽	ga-
佃	dian2
佃	tian+
但	dan2
但	tan+
佇	žu2
佈	bu2
位	ui2
低	di-
住	žu2
佐	zo2
佑	iu2
体	pen2
体	ti1
何	xo+
何	xo2
佗	to+
余	y+
余	sy+
余	tu+
佚	i3
佛	fu3
佛	bi3
佛	bo3
作	zo3
作	zo2
作	zu2
佞	ŋiŋ2
伹	sy-
佁	č2
佁	ai1
佁	i1
伾	pi-
伾	pi1
佅	mei2
佅	mo3
佉	kie-
佉	ky-
佋	šau2
佋	šau+
佌	c1
佔	žan2
佔	žan-
佔	dan-
佘	še+
佟	tuŋ+
佂	žeŋ-
佖	bi3
伷	žeu2
伂	bei2
佊	bi1
佊	bi2
佒	iaŋ1
佒	iaŋ-
伲	ŋi1
伲	ŋi+
你	ni1
佩	pei2
佯	iaŋ+
佯	caŋ+
佳	gia-
佻	tiau+
佻	iau+
佻	tiau1
佻	žau2
佽	c2
佾	i3
使	š1
使	š2
侃	kan2
侃	kan1
來	lai+
來	lai2
侈	č1
侔	meu+
例	li2
例	lie3
侍	š2
侏	žu-
侑	iu2
侁	šen-
侘	ča2
侘	ča-
供	guŋ-
供	guŋ2
侜	žeu-
依	i-
依	i1
併	biŋ2
侉	o2
侉	kua1
佰	mə3
佰	bə3
佴	er2
佴	nai2
佶	gi3
佸	gua3
佹	gui1
佺	cyan+
佼	giau1
佼	giau-
侀	xiŋ+
侄	ž3
侇	i+
侎	mi1
侐	xy3
侐	xy1
侖	lun+
侗	tuŋ-
侗	tuŋ+
侗	tuŋ1
侗	duŋ2
侚	syn2
侙	č3
侊	guaŋ-
侊	guŋ-
㑋	kyŋ+
侅	gai-
侅	xai2
佬	liau+
侂	to3
侮	u1
侯	xeu+
侲	žen-
侲	žen2
侵	cn-
侵	cn1
侶	ly1
便	bian2
便	pian+
係	xi2
促	cu3
俄	ŋo+
俅	kiu+
俊	zyn2
俎	zu1
俏	cau2
俏	sau-
俑	yŋ1
俑	tuŋ-
俗	su3
俘	fu-
俚	li1
俜	piŋ-
俜	piŋ2
保	bau1
兪	y+
兪	y2
俟	s2
俟	ki+
俠	xie3
俠	gia3
信	sn2
信	šen-
侻	tuo3
俁	y1
俌	fu1
俔	kian2
俔	xian2
俛	mian1
俛	fu1
俇	kuaŋ+
俇	guaŋ2
俙	xi-
俙	xi1
俖	pei1
俖	pei2
俈	ku3
侹	tiŋ1
侹	tiŋ2
俓	iŋ2
俓	iŋ+
俓	giŋ2
俋	i3
侳	cuo2
俍	liaŋ+
侷	gy3
俐	li2
修	su-
俯	fu1
俱	gy-
俳	pai+
俸	fuŋ2
俺	an2
俾	bi1
俾	bi2
倀	čaŋ-
倀	žeŋ2
倂	biŋ2
倅	cui2
倅	zu3
倆	liaŋ1
倆	lia1
倉	caŋ-
倌	guan-
倌	guan2
倍	bei2
倍	pei+
倐	šu3
倒	dau1
倒	dau2
倔	gye3
倕	čui+
倖	xiŋ2
候	xeu2
倚	i1
倜	ti3
借	ze2
借	zo3
倢	ze3
倣	faŋ1
値	ž3
値	ž2
倦	gyan2
倨	gy2
倩	can2
倩	cŋ2
倪	ŋi+
倫	lun+
倭	uo-
倭	ui-
倮	xuo1
倮	luo1
倮	guo1
倱	xun2
俴	zan2
俶	ču3
俶	ti3
倓	tan+
倓	dan2
倘	taŋ1
倘	čaŋ+
倛	ki2
倛	ki-
倞	liaŋ2
倞	giŋ2
倡	čaŋ-
倡	čaŋ2
倥	kuŋ-
倥	kuŋ1
倥	kuŋ2
倬	žuo3
倳	z2
倠	xui-
倯	suŋ-
倗	peŋ+
倰	liŋ+
倰	leŋ+
倰	leŋ2
倄	xiau+
倄	ui2
俷	fei2
俵	biau2
們	men+
們	men2
倧	zuŋ-
倏	šu3
偁	čeŋ-
偁	čeŋ2
偃	ian1
假	gia1
假	gia2
偈	gie3
偈	gi2
偉	ui1
偏	pian-
偕	giai-
停	tiŋ+
健	gian2
偲	s-
偲	cai-
側	zə3
偵	žeŋ-
偵	žeŋ2
偶	ŋeu1
偶	ŋeu2
偸	teu-
偄	nuan2
偄	ruan1
偊	y1
偎	ui-
偓	uo3
偝	bei2
偟	xuaŋ+
偠	iau1
偩	fu2
偪	bi3
偪	fu3
偭	mian2
偭	mian1
偯	i1
偆	čun1
偒	taŋ1
偒	daŋ2
偞	ie3
㑮	uen2
㑮	xun2
偡	žan2
偌	re2
偌	ro3
做	zo2
做	zo3
偬	zuŋ1
偬	zuŋ2
傀	gui-
傀	kui1
傅	fu2
傍	paŋ+
傍	beŋ-
傍	paŋ2
傑	gie3
傒	xi+
傖	žeŋ-
傖	caŋ-
備	bei2
備	bi2
傜	iau+
傄	xua3
傁	seu-
傁	seu1
傃	su2
傉	ru3
傋	giaŋ1
傋	geu-
傎	dian-
傔	kian2
傕	gio3
傚	xiau2
傞	so-
傌	ma2
	žeu2
	zu-
	na2
傝	tan2
傝	ta3
傗	ču3
傛	yŋ+
傛	yŋ1
傏	taŋ+
傂	ž2
傂	č+
傂	s-
傘	san1
傢	gia-
催	cui-
傭	yŋ+
傭	cuŋ-
傲	ŋau2
傳	čuan+
傳	žuan2
傴	y1
債	žai2
債	zə3
傷	šaŋ-
傷	šaŋ2
傺	č2
傾	kiŋ-
傾	kiŋ1
僂	leu+
僂	leu2
僂	ly1
僅	gin2
僉	can-
僊	san-
偋	piŋ+
偋	biŋ1
傶	zu3
㑻	ma3
傻	ša1
傽	žaŋ-
僁	se3
僁	si3
僄	piau-
僄	piau2
僆	lian2
僆	lian1
僇	lu3
僇	liu2
傯	žuŋ1
㑿	čau+
㑿	žau2
傱	suŋ1
傰	peŋ+
傰	beŋ2
傿	ian2
傿	ian+
傪	can-
傪	can1
働	duŋ2
僎	žun-
僎	žuan2
像	saŋ2
僑	kiau+
僕	pu3
僚	liau+
僚	liau1
僝	čan2
僝	žan1
僝	žan2
僝	žuan2
僞	ui2
僭	zan2
僦	zu2
僧	seŋ-
僨	fen2
僩	xian1
僮	tuŋ+
㒉	taŋ1
僒	gyn1
僥	giau1
僥	iau+
僖	xi-
僛	ki-
僢	čuan2
僢	čuan1
僢	čun1
僤	dan2
僤	šan+
僤	čan1
僬	zau-
僬	zau2
僬	zau1
僰	bə3
僓	tui+
僓	tui1
僓	tui2
㒄	ran1
僔	zun1
僪	y3
僜	deŋ2
僜	čeŋ-
㒆	xi3
僣	tie3
僵	giaŋ-
價	gia2
僻	pi3
僻	pi2
僿	sai2
僿	š2
儀	i+
儂	nuŋ+
億	i3
儆	giŋ2
儆	giŋ1
儇	xyan-
儈	kuai2
儉	gian2
僸	gin2
僸	in1
僽	žeu2
僽	zeu-
僾	ai2
儋	dan-
儁	zyn2
儌	giau-
儌	giau1
儃	šan+
儃	tan1
儃	dan2
儃	tan2
㒎	sa3
僷	ča3
儍	ša1
儐	bin2
儐	bin-
儒	ru+
儔	čeu+
儔	dau2
儕	čai+
儘	zn1
儜	ŋiŋ+
儜	nin+
儓	tai+
儓	tai2
儗	ŋi1
儗	ŋai2
儗	i2
儛	u1
儚	muŋ+
儚	muŋ2
㒊	šə3
儑	ŋan2
儑	ŋo3
㒚	in2
㒚	uen1
償	čaŋ+
償	čaŋ2
儡	lui1
儡	lui+
儦	biau-
優	iu-
儢	ly1
儥	y3
儥	du3
儠	lie3
儤	ban2
儲	ču+
㒟	ŋiau1
儭	čen2
儭	cn-
儱	luŋ+
儱	luŋ1
儱	luŋ2
㒠	xiai2
儳	čan+
儳	čan2
儴	raŋ+
儵	šu3
㒤	če3
儷	li2
儷	li+
儺	no+
儺	no1
儸	lo+
儻	taŋ1
儻	taŋ2
儼	ian1
儿	ren+
兀	u3
允	yn1
允	yan+
元	yan+
兄	xyŋ-
充	čuŋ-
兆	žau2
兇	xyŋ-
兇	xyŋ1
先	san-
先	san2
光	guaŋ-
光	guaŋ2
克	kə3
兌	dui3
兌	ye3
免	mian1
免	uen2
兒	er+
兒	ŋi+
兔	tu2
兕	s2
兓	zn-
兗	zan2
兙	š3
党	daŋ1
兛	can-
兜	deu-
兝	fen-
兞	xau+
兟	šen-
兡	bə3
兢	giŋ-
兣	li+
入	ru3
內	nui2
內	na3
全	cyan+
兩	liaŋ1
兪	y+
兪	čeu2
兪	šu2
八	ba3
公	guŋ-
六	lu3
兮	xi+
共	guŋ2
共	guŋ-
兵	biŋ-
其	ki+
其	gi-
具	gy2
典	dian1
兼	gian-
兼	gian2
冀	gi2
冂	gyŋ-
冂	ŋian1
冃	mau2
冃	mau1
冃	meu2
冉	ran1
冉	ran+
冋	gyŋ-
冋	xyŋ2
冊	cə3
再	zai2
冎	gua1
冏	gyŋ-
冑	žeu2
冒	mau2
冒	mə3
冓	geu-
冓	geu2
冔	xy-
冔	xy1
冕	mian1
㒾	i2
㒾	š2
㒿	li+
冖	mi3
冘	iu+
冘	in+
冞	mi+
冠	guan-
冠	guan2
冢	žuŋ1
冤	yan-
冥	miŋ+
冥	mi3
冡	muŋ+
冣	zy2
冪	mi3
冫	biŋ-
冬	duŋ-
冰	biŋ-
冱	xu2
冲	čuŋ-
冲	čuŋ+
决	gye3
决	xye3
冶	ie1
冷	leŋ1
冷	liŋ1
冷	liŋ+
冸	pan2
冹	fu3
冹	fa3
冽	lie3
冽	li2
冼	šeŋ1
凋	diau-
凌	liŋ+
凌	liŋ2
凍	duŋ2
凍	duŋ-
凉	liaŋ+
凉	liaŋ2
凄	ci-
准	žun1
凇	suŋ-
凇	suŋ2
凊	cŋ-
凈	čeŋ-
凈	giŋ2
凅	gu2
㓑	xiŋ2
馮	piŋ+
凓	li3
凔	caŋ-
凔	čuaŋ-
凒	i+
㓖	bi3
凘	s-
凘	s2
凜	lin1
凙	duo3
凙	žə3
凚	gin2
凚	in1
凝	ŋiŋ+
凝	ŋiŋ2
几	gi1
几	gi-
凡	fan+
凭	piŋ+
凭	piŋ2
凰	xuaŋ+
凱	kai1
凳	deŋ2
凵	kian1
凵	kan-
凶	xyŋ-
凷	kuai2
凸	tu3
凸	die3
凹	iau-
凹	au-
凹	ia3
出	ču3
出	čui2
函	xan+
函	xian+
刀	dau-
刁	diau-
刃	ren2
分	fen-
分	fen2
切	ce3
切	ci2
刈	i2
刋	kan-
刌	cun1
刉	gi2
㓚	guŋ-
刎	uen1
刏	gi-
刏	gi2
刑	xiŋ+
划	xua+
划	guo1
刓	uan+
刖	ye3
刖	u3
列	lie3
初	ču-
删	šan-
判	pan2
別	bie3
利	li2
刜	fu3
刨	pau+
刨	bau2
刦	gie3
刧	gie3
刮	gua3
到	dau2
剏	čuaŋ2
刲	kui-
刲	gui2
刳	ku-
刵	er2
制	ž2
刷	šua3
刹	ča3
刺	c2
刺	ci3
刻	kə3
刴	duo2
㓤	kia3
券	kyan2
則	zə3
削	so3
剋	kə3
剌	la3
前	can+
剃	ti2
剄	giŋ-
剄	giŋ1
剉	cuo2
㓨	c2
剔	ti3
剖	peu1
剖	fu1
剗	čan1
剚	z2
剛	gaŋ-
剜	uan-
剝	bo3
剞	gi1
剞	gi-
剟	duo3
剒	co3
剠	kiŋ+
剡	ian1
剕	fei2
剬	duan-
剬	žuan1
剨	xuo3
副	fu2
副	pi3
副	fu3
剫	duo3
剮	gua1
㓶	kie3
剭	u3
剭	uo3
㓱	teu+
剩	šeŋ2
割	go3
創	čuaŋ2
創	čuaŋ-
剴	gai-
剴	gai2
剽	piau2
剽	piau+
剿	zau1
剿	čau-
剿	zau1
剷	čan1
剸	žuan-
剸	žuan1
剸	žuan2
剺	li+
剾	eu-
㓼	č3
㓽	žuŋ2
劀	gua3
劂	gye3
劃	xua3
㔆	zan2
㓾	č+
劇	gy3
劈	pi3
劉	liu+
劊	gui2
劌	gui2
劍	gian2
劑	zi2
劓	i2
㔌	zeu2
㔌	zeu-
劔	gian2
劐	kuo3
㔏	li3
㔏	lo1
劕	ž3
劕	ž2
劖	čan+
劖	čan1
劗	zan1
劗	zuan-
劘	mo+
劘	mi+
劙	li+
劙	li2
劙	li1
劚	žu3
力	li3
功	guŋ-
加	gia-
劣	lye3
劦	xie3
助	žu2
努	nu1
劫	gie3
劬	ky+
劭	šau2
劵	kyan2
劾	xə3
劾	xai2
劻	kuaŋ-
劼	gie3
劺	meu+
効	xiau2
勁	giŋ2
勃	bo3
勇	yŋ1
勉	mian1
勅	č3
勍	giŋ-
勍	kiŋ+
勑	č3
勒	lə3
動	duŋ2
勖	xy3
勘	kan2
勘	kan-
務	u2
勔	mian1
勝	šeŋ-
勝	šeŋ2
勞	lau+
勞	lau2
䯇	kua3
募	mu2
勢	š2
勣	zi3
勤	kin+
勠	lu3
勡	piau2
勦	zau1
勦	čau+
勩	i2
勥	kiaŋ1
勥	giaŋ2
勰	xie3
勱	mai2
勮	gy3
勯	dan-
勳	xyn-
勵	li2
勴	ly2
勷	raŋ+
勸	kyan2
勹	bau-
勺	žo3
勺	šo3
勻	yn+
勿	u3
勾	geu-
勼	giu-
匄	gai2
包	bau-
匈	xyŋ-
匊	gy3
匌	xo3
匋	tau+
匍	pu+
匏	pau+
匐	fu3
㔨	bei2
匒	da3
㔩	o3
匔	kyŋ+
匕	bi1
化	xua2
北	bə3
北	bei2
匙	š+
匚	faŋ-
匜	i+
匜	i1
匝	za3
匠	zaŋ2
匡	xia3
匟	kaŋ2
匣	xia3
匪	fei1
匪	fei-
匭	gui1
匯	xui2
匯	xui1
匱	gui2
匱	kui2
匰	dan-
匳	lian+
匴	suan2
匴	suan1
匵	du3
匶	giu2
㔶	guŋ1
㔶	gan1
匸	xi1
匹	pi3
医	i2
医	i1
匼	an2
匽	ian1
匽	ian2
匾	bian1
匿	ŋi3
區	ky-
區	eu-
十	š3
千	can-
午	u1
升	šeŋ-
半	ban2
卉	xui2
卉	xui1
卌	si3
卑	bei-
卒	zu3
卒	cu3
卓	šuo3
協	xie3
南	nan+
卙	č3
卙	ču3
博	bo3
卜	bu3
卞	bian2
卝	guŋ1
卝	xyŋ2
卝	guan2
占	žan-
占	žan2
卟	gi3
卟	bu3
卡	kia1
卡	ka1
卣	iu1
卣	iu+
卦	gua2
卩	ze3
卬	ŋang+
卬	iaŋ+
卮	ui+
卯	šau2
印	in2
危	ui+
卲	šau2
卵	luo1
卵	luan1
却	kio3
卷	gyan1
卷	gyan2
卷	kyan+
卸	se2
卹	sy3
卺	gin1
㕁	kio3
㕁	gio3
卻	kio3
卽	zi3
卼	u3
卿	kiŋ-
厂	xan1
厂	xan2
厄	ə3
厊	ia1
厎	ž1
厏	ža1
厓	iai+
厖	maŋ+
厒	i1
㕈	i1
厔	ž3
厚	xeu2
厙	še2
厘	li+
原	yan+
厝	co3
厝	cu2
厜	zui-
厜	zui2
厞	fei+
厞	fei2
厥	gye3
厥	gy3
厦	ša2
厦	xia2
厭	ian2
厭	ie3
厬	gui1
厲	li2
厱	kian-
厱	lan+
㕒	ui+
厵	yan+
厶	meu1
厶	s-
去	ky2
去	ky1
參	can-
參	šen-
參	čen-
參	san-
參	can2
叄	san-
㕙	cyn+
㕙	cyn2
又	iu2
叉	ča3
叉	čai-
㕚	žau1
及	gi3
友	iu1
反	dan1
反	fan-
叔	šu3
取	cy1
取	cy-
取	ceu1
受	šeu2
叛	pan2
叚	gia1
叚	xia+
叟	seu1
叟	seu-
叠	die3
叡	rui2
叢	cuŋ+
口	keu1
口	kuŋ1
古	gu1
古	gu2
古	ku-
句	gy2
句	geu-
句	geu2
句	ky+
叨	tau-
叨	dau-
叩	keu2
叩	keu1
只	ž1
只	ž-
叫	giau2
召	žau2
召	šau2
叮	diŋ-
可	ko1
可	ko2
台	i+
台	tai-
台	tai+
叱	č3
史	š1
右	iu2
右	iu1
叴	kiu+
叵	po1
司	s-
司	s2
号	xau2
㕣	ian1
叶	xie3
另	liŋ2
叭	ba2
叭	bo3
叻	li3
叼	diau-
吁	xy-
吁	y2
吃	ki3
吃	č3
吃	gi3
各	go3
合	xo3
合	go3
吉	gi3
同	tuŋ+
名	miŋ+
名	miŋ2
后	xeu2
后	xeu1
吏	li2
吐	tu1
吐	tu2
向	xiaŋ2
向	šaŋ2
㕧	xi2
㕧	xi-
㕦	xua2
吊	diau2
吊	diau1
君	gyn-
吝	lin2
吞	tun-
吞	tian-
吟	in+
吟	in2
吟	gin2
否	feu1
否	pi1
含	xan+
听	in+
吭	xaŋ+
吭	xaŋ2
吮	šun1
启	ki1
呈	čeŋ+
呈	žeŋ2
吳	u+
吸	xi3
吹	čui-
吹	čui2
吻	uen1
吼	xeu1
吼	xeu2
吾	u+
吾	y+
吾	ia+
告	gau2
告	gu3
呂	ly1
吠	fei2
吩	pen-
吩	fen-
吪	ŋo+
吪	xua-
吷	xye3
吷	čuo3
吷	gye3
吰	xuŋ+
㕮	fu2
㕮	fu1
吶	na3
吶	no3
吽	ŋeu1
吽	men-
吽	xuŋ-
呀	xia-
呀	ia+
呀	ia-
吡	bi3
吡	pi1
吺	deu-
呁	gyn2
吵	čau1
吵	miau1
呃	ə3
呆	ŋai+
呆	dai-
吱	z-
呢	ŋi+
呦	iu-
周	žeu-
咒	žeu2
呫	če3
呫	tian-
呱	gu-
呱	ua-
味	wei2
味	ui2
呵	xo-
呵	xo2
呶	nau+
呷	xia3
呻	šen-
呼	xu-
命	miŋ2
呾	ta3
呿	kie3
呿	ky-
咄	duo3
咄	du3
咆	pau+
和	xo+
和	xo2
咍	xai-
咎	giu2
咎	gau-
呺	xiau-
呺	xau+
咉	aŋ-
咉	aŋ1
咏	yŋ2
咏	yŋ1
呬	xi2
呰	z1
呴	xy2
呴	xeu1
咀	zy1
咈	fu3
咋	zə3
咋	ža2
呭	i2
咇	bi3
呹	i3
咼	kuai-
咖	gia-
咖	ka-
咐	fu2
咐	fu+
咕	gu-
咢	ŋo3
咤	ža2
咤	ža-
咥	die3
咥	xi2
咨	z-
咫	ž1
咬	iau1
咬	giau-
咮	žeu-
咮	žu-
咮	žu2
咷	tau+
咷	tau2
咸	xian+
咽	ian-
咽	ie3
咿	i-
哀	ai-
品	pin1
哂	šen1
哆	do1
哆	č1
哆	do-
哇	ua-
哉	zai-
咡	er2
咡	er+
咦	xi-
咦	i+
咯	lo3
咳	xai+
咳	kai2
咳	kə3
咺	xyan-
咺	xyan1
咻	xiu-
咻	xy1
咠	ci3
咠	zi3
哄	xuŋ2
咲	sau2
咶	xua3
咪	mi1
咱	zan+
咱	za+
哈	xa-
咭	gi3
咩	mie1
咩	mie-
哎	ai-
員	yan+
員	yn+
哥	go-
哦	ŋo+
哦	o2
哨	sau-
哨	šau2
哭	ku3
哮	xiau-
哮	xiau2
哲	že3
哺	bu2
哽	geŋ1
哿	go1
唁	ian2
唄	bai2
唆	suo-
唉	ai-
唉	ai2
唏	xi1
唏	xi2
唐	taŋ+
哤	maŋ+
哫	zu3
唅	xan-
唅	xan2
哳	ža3
哶	mie1
哶	mie-
唇	žen-
唇	čun+
唈	i3
唈	o3
㖏	ŋie3
哢	luŋ+
唊	gie3
唌	san+
哩	li2
哩	li1
哼	xeŋ-
唔	u+
唣	zau2
哪	na1
哪	no+
售	šeu2
售	čeu+
唯	ui+
唯	ui1
唱	čaŋ2
唳	li2
唳	lie3
唾	tuo2
啁	čau-
啁	žeu-
啄	žuo3
啄	du3
商	šaŋ-
啍	tun+
問	uen2
啐	čai2
啐	cui2
啓	ki1
啙	z1
啜	žuo3
啞	ia1
啞	ia2
啞	ə3
唴	kiaŋ-
唪	fuŋ2
唪	buŋ1
唫	in+
唫	gin2
唵	an1
唶	ze2
唶	zə3
啀	iai+
啅	žuo3
啅	žau2
啇	di3
唲	er+
唲	ai-
啑	ze3
啗	dan2
啚	bi1
啚	tu+
唹	y+
啕	tau+
啡	bai1
啡	fei-
唻	lai+
唻	lai2
唭	ki2
唬	xia2
唼	za3
啖	dan2
啖	dan1
啊	a-
啦	la-
啻	č2
啼	ti+
啾	zu-
喀	kə3
喁	yŋ+
喁	y+
喃	nan+
善	šan2
喈	giai-
喉	xeu+
喊	xan1
喊	xian2
喋	die3
喋	ža2
喏	re1
喑	in-
喑	in2
喓	iau-
喔	uo3
喘	čuan1
喙	xui2
喚	xuan2
喜	xi1
喦	ŋie3
喝	xo3
喝	ai2
唧	z3
喟	kui2
喤	xuaŋ+
喧	xyan-
喪	saŋ2
喪	saŋ-
喫	ki3
喫	č3
喬	kiau+
單	dan-
單	šan+
單	šan2
啽	an-
喆	že3
喣	xy-
喣	xy1
喩	y+
喩	y2
㗉	lio3
喭	ŋan2
㗇	xia+
喢	ča3
喢	ša3
喅	y3
啿	tan2
喗	yn1
喠	žuŋ1
喠	čuŋ1
㗅	xu+
喌	žeu-
喌	žu3
喂	ui2
喇	la3
喒	zan1
喒	za1
喳	ča-
喵	mau-
喵	mau+
喵	miau-
喲	io-
嗃	xiau-
嗃	xo3
嗇	sə3
嗌	i3
嗌	ai2
嗑	xo3
嗑	go3
嗒	ta3
嗒	da3
嗔	čen-
嗛	kian1
嗛	xian+
嗛	kian2
嗛	kian-
嗜	š2
嗟	ze-
嗟	ze2
嗢	ua3
嗢	u3
嗤	č-
嗣	s2
嗁	ti+
嗄	ša2
嗄	ai2
嗄	a+
嗅	xiu2
嗉	su2
嗋	xie3
嗚	u-
嗙	beŋ-
㗕	geu-
喍	čai+
㗚	li3
嗝	gə3
嗂	iau+
嗗	ua3
嗊	xuŋ1
嗕	ru3
嗎	ma2
嗓	saŋ1
㗙	zeu-
嗦	suo-
嗷	ŋau+
嗽	seu2
嗽	su3
嗾	seu1
嗾	seu2
嗾	zu3
嘅	kai2
嘈	cau+
嘉	gia-
嘏	gu1
嘐	xiau+
嘒	xui2
嘔	xy-
嘔	eu-
嘔	eu1
嘖	zə3
嘗	čaŋ+
噑	xau+
噓	xy-
噓	xy2
嗼	mo3
嗼	mə3
嘂	giau2
嘌	piau-
嘍	leu+
嘍	leu1
嘎	ga3
嘎	gia3
嘑	xu-
嘑	xu2
嘕	xian-
㗦	lau+
嗺	zui-
嘄	xiau-
嘁	ki3
嘁	za3
嘛	ma+
㗣	di2
嘬	čuai2
嘲	čau-
嘵	xiau-
嘶	s-
嘻	xi-
嘽	tan-
嘽	čan1
噂	zun1
噉	dan2
噍	zau-
噍	zau2
噍	zu-
㗱	z3
噎	i3
噎	ie3
㘀	zuo3
㗵	xy3
嘰	gi-
嘴	zui1
嘸	fu1
嘹	liau+
嘹	liau2
嘿	mə3
嘿	xei-
噆	za3
噊	y3
噌	zeŋ-
嘾	tan2
嗿	tan1
㗿	xia2
噅	xui-
嘼	xiu2
噈	cu3
㗲	xuo3
嘮	lau+
嘮	čau-
噘	gye3
嘟	du-
噢	y1
噤	gin2
噦	ye3
噦	xui2
器	ki2
噩	ŋo3
噪	sau2
噫	i-
噫	ai2
噬	š2
噱	gy3
噲	guai2
噴	pen-
噴	pen2
噠	da3
噡	žan-
噣	du3
噥	naŋ+
噥	nuŋ+
噭	giau2
噰	yŋ-
㗻	xo+
噧	xai2
噮	yan2
噞	ian2
噸	dun2
嘯	sau2
嚀	ŋiŋ+
嚃	ta3
嚅	ru+
嚇	xə3
嚇	xia2
嚂	lan2
嚄	xuo3
嚆	xau-
嚈	ie3
嚌	zi2
嚌	žai-
嚁	di3
嚍	zn2
㘈	i2
嚊	pi2
㘆	tai+
嚏	ti2
嚚	in+
嚕	lu1
嚗	bo3
嚜	mə3
㘉	z3
㘊	xi3
嚘	iu-
嚥	ian2
嚬	pin+
嚭	pi1
嚮	xiaŋ2
嚨	luŋ+
嚪	dan2
嚦	li3
嚳	ku3
嚴	ian+
嚴	ian2
嚶	iŋ-
嚱	xi2
嚲	do1
嚷	raŋ1
嚼	zo3
囀	žuan2
囁	že3
囁	ŋie3
囂	xiau-
囂	ŋau+
嚻	xiau-
嚾	xuan-
嚾	tuan2
㘖	ian+
囈	i2
囊	naŋ+
囉	lo+
囋	zan2
嚵	čan2
囅	čan1
囌	su-
囑	žu3
奲	čua1
囓	ŋie3
囔	naŋ-
囗	ui+
囚	su+
囚	cu+
四	s2
㘝	nan+
㘝	nan1
㘝	ŋie3
囝	gian1
囝	zai1
回	xui+
回	xui2
因	in-
囟	sn2
囡	nan+
囤	tun+
困	kun1
园	yan+
囧	gyŋ1
囪	cuŋ-
囮	ŋo+
囫	xu3
囷	gyn-
囷	gyn1
囹	liŋ+
固	gu2
囿	iu2
圂	xun2
圃	pu1
圃	pu2
圄	y1
㘣	syan+
圁	in+
圅	xan+
圈	gyan2
圈	kyan-
圉	y1
圊	cŋ-
國	guo3
圇	lun+
圍	ui+
圍	ui2
圌	šui+
圌	čuan+
園	yan+
圓	yan+
圔	ia3
圖	tu+
團	tuan+
圜	yan+
圜	xuan+
圛	i3
㘥	iu+
圝	luan+
土	tu1
圠	ia3
在	zai2
地	di2
圭	gui-
圯	i+
圬	u-
圪	ki3
圮	pi1
圩	y+
坊	faŋ-
坌	pen2
坎	kan1
坏	pei-
坏	pei+
坐	zuo2
坑	keŋ-
址	ž1
均	gyn-
圻	ki+
圾	s3
圾	gi3
坂	ban2
坅	kin1
坉	tun2
坋	fen2
坒	bi2
坒	bi3
㘩	bi2
坄	i3
㘰	žen-
圿	gia3
圽	mo3
坍	tan-
坡	po-
坤	kun-
坦	tan1
坫	dian2
坰	gyŋ-
坳	iau-
坷	ko1
坷	ko2
坻	č+
坻	ž1
坼	čə3
垂	čui+
坩	kan-
坪	piŋ+
坯	pi1
坯	pei-
坱	iaŋ1
坺	ba3
坿	fu2
坲	fu3
坴	lu3
坢	pan1
垃	la3
型	xiŋ+
垓	gai-
垛	duo2
垛	duo1
垝	gui1
垝	gui2
垠	in+
垢	geu1
垣	yan+
垤	die3
垞	ča+
垚	iau+
垗	žau2
垡	fa3
垎	xə3
垘	fu3
垍	gi2
埃	ai-
埃	ž2
埋	bau1
城	čeŋ+
埓	lye3
垿	sy2
垸	xuan2
垺	feu-
垺	fu-
垻	bei2
垻	ba2
垼	i3
垽	in2
埂	geŋ1
埆	kio3
埌	laŋ2
埏	ian+
埏	ian2
垾	xan2
埇	yŋ1
垷	gian1
垹	baŋ-
域	y3
埤	bi1
埤	pi+
埭	dai2
執	ž3
培	pei+
培	peu2
基	gi-
堂	taŋ+
堄	ŋi2
堄	ŋi1
堅	gian-
堆	dui-
堇	gin1
堇	kin+
堊	o3
堊	o2
埿	ŋi+
埴	ž3
埴	ž2
埸	i3
埽	sau2
埽	sau1
埝	ŋie3
堀	ku3
堋	beŋ2
堋	peŋ+
埵	duo1
埯	ian1
埢	kyan1
埻	žun1
埻	guo3
堁	ko2
埲	puŋ2
埼	ki+
堈	gaŋ-
埾	zy2
埠	bu2
堙	in-
堞	die3
堠	xeu2
堡	bau1
堪	kan-
堯	iau+
堰	ian2
堰	ian1
報	bau2
場	čaŋ+
場	čaŋ1
場	šaŋ-
堵	du1
堵	že1
堝	guo-
堤	di1
堤	ti+
堧	nuan1
堩	geŋ2
堶	tuo+
堨	o3
堥	meu+
堛	pi3
堮	ŋo3
堬	y+
堟	žuan2
塊	kuai2
塋	iŋ+
塌	ta3
塍	čeŋ+
塏	kai1
塑	su2
塒	š+
塔	ta3
塗	tu+
塗	ča+
塘	taŋ+
塞	sə3
塞	sai2
塡	tian+
塡	tian2
塡	žen-
塡	žen2
塢	u2
塉	z3
塓	mi3
塕	uŋ1
塚	žuŋ1
㙚	sŋ-
塯	liu2
塵	čen+
塹	can2
塾	šu3
塿	leu1
墀	č+
境	giŋ1
境	giŋ2
墅	šu2
墉	yŋ+
墊	dian2
墓	mu2
塼	žuan-
墁	man2
墄	cə3
塈	gi2
墐	gin2
墌	ž3
墋	čen1
塸	eu1
塽	šuaŋ1
㙠	i-
塺	mo+
塺	mo2
塳	puŋ+
墜	žui2
增	zeŋ-
增	zeŋ2
墟	xy-
墦	fan+
墨	mə3
墩	dun-
墮	xui-
墮	duo2
墳	fen+
墳	fen2
墠	šan2
墡	šan2
墣	pu3
墱	deŋ2
墝	kiau-
㙪	i2
㙩	liau+
㙩	liau2
墢	bo3
墾	ken1
壁	bi3
壅	yŋ2
壅	yŋ-
壅	yŋ1
壇	tan+
壈	lan1
壀	pi2
墽	kiau-
墿	i3
㙳	kan1
墺	au2
墺	y3
壎	xyn-
壑	xo3
壓	ia3
壒	ai2
壕	xau+
㙷	če3
壏	gian2
壖	ruan+
壖	ruan1
壖	ruan2
壘	lui1
壘	ly3
壙	kuaŋ2
壚	lu+
壜	tan+
壝	ui+
壝	ui1
壞	xuai2
壟	luŋ1
壤	raŋ1
壣	lian+
壣	lin+
壧	ian+
壩	ba2
士	š2
壬	ren+
壬	ren2
壯	žuaŋ2
壳	ko3
壹	i3
壺	xu+
壻	sy2
壼	kun1
夀	šeu2
壿	zun1
夂	ž1
夆	fuŋ-
夊	sui-
夌	liŋ+
㚇	zuŋ-
㚇	zuŋ2
复	fu3
复	feu2
夏	xia2
虁	kui+
夕	s3
外	uai2
夙	su3
多	do-
夜	ie2
夠	geu2
夠	geu-
夢	muŋ2
夢	muŋ+
夤	in+
夥	xuo1
夥	xuo2
大	da2
大	tai2
大	dai2
天	tian-
太	tai2
太	ta3
夫	fu-
夫	fu+
夬	guai2
夭	iau-
夭	au1
央	iaŋ-
失	š3
夰	gau-
夰	xau2
夲	tau-
夲	ben1
夯	xaŋ-
夯	xaŋ1
夷	i+
夸	kua-
夸	kua1
夾	gia3
夾	gie3
㚒	šan1
夽	yn1
奄	ian1
奇	ki+
奇	gi-
奉	fuŋ2
奈	nai2
奅	pau2
奎	kui-
奏	zeu2
奐	xuan2
契	ki2
契	ki3
契	kie3
契	se3
奓	ža-
奓	ža2
奔	ben-
奔	ben2
奕	i3
奊	xie3
奘	zaŋ2
奚	xi+
套	tau2
奞	sui-
奜	fei-
奜	fei1
奟	keŋ1
奠	dian2
奡	ŋau2
奢	še-
㚟	čuo3
奧	au2
奪	duo3
奪	dui2
獎	zaŋ1
奩	lian+
奫	yn-
奭	š3
奮	fen2
奰	bei2
女	ŋy1
女	ŋy2
女	ru1
女	ten-
奴	nu+
奵	diŋ-
奵	diŋ1
奶	nai1
奸	gian-
好	xau1
好	xau2
好	z1
妁	žo3
妁	š3
如	ru+
如	ru2
妃	fei-
妃	pei2
妄	uaŋ2
奼	ča2
奼	du2
㚤	i3
㚧	ian1
妊	ren2
妊	ren+
妒	du2
妓	gi2
妓	gi-
妖	iau-
妗	gin2
妙	miau2
妝	žuaŋ-
妣	bi1
妤	y+
妥	tuo1
妨	faŋ2
妨	faŋ-
妎	xai2
妎	xi2
妐	žuŋ-
妘	yn+
妢	fen+
妜	ye3
妦	fuŋ-
妠	na3
妠	nuo3
妠	nan2
㚩	ŋian1
㚩	ran1
妞	ŋiu1
妯	žu3
妯	čeu-
妲	da3
妹	mei2
妺	mo3
妻	ci-
妻	ci2
妾	ce3
姁	xy-
姁	xy1
姁	xy2
姆	mu1
姊	z1
姊	ze1
始	š1
姗	san-
姗	san-
姐	ze1
姑	gu-
姒	s2
姓	sŋ2
委	ui1
委	ui-
委	ui2
姎	aŋ2
姎	aŋ1
姎	aŋ+
姏	man+
妬	du2
妴	uan1
妸	o-
妸	o1
姌	ran1
妵	teu1
㚲	če3
姂	pie3
妭	ba3
妮	ŋi+
姚	iau+
姚	iau2
姜	giaŋ-
姝	šu-
姣	giau1
姣	xiau+
姤	geu2
姥	mu1
姦	gian-
姨	i+
姪	ž3
姬	gi-
姸	ian+
妍	ian+
姺	šen-
姻	in-
姿	z-
娀	suŋ-
娃	ua-
姙	ren+
姞	gi3
姱	kua-
姽	gui1
姶	o3
姼	š+
姼	č1
㛂	uo1
姡	gua3
姡	xuo3
姮	xeŋ+
娉	piŋ2
娉	piŋ-
娑	so-
娑	so1
娓	wei1
娓	ui1
娘	ŋiaŋ+
娛	y+
娛	y2
娜	no1
娜	na2
娟	gyan-
娠	šen-
娠	šen2
娣	di2
娥	ŋo+
娩	uan1
娩	mian1
娌	li1
娖	čuo3
娙	xiŋ+
娭	xi-
娗	tiŋ+
娗	tian1
㛗	zuo2
娏	maŋ+
娋	šau-
娧	dui2
㛍	xie3
娎	xie3
娶	cy2
娶	cy1
婁	leu+
婁	ly+
婆	po+
婉	uan1
婕	ze3
婢	bi2
婢	bei2
婦	fu2
婪	lan+
婭	ia2
婧	cŋ2
婧	cŋ-
婥	čuo3
婥	nau2
娵	zeu-
婣	in-
姘	piŋ-
娸	ki-
娿	o-
娿	o1
婟	xu2
婐	uo1
婘	kyan+
婘	gyan2
婗	ŋi1
婀	o-
婓	fei-
婫	xun2
娾	ŋai1
婚	xun-
婬	in+
婠	uan-
婎	xui2
媆	ruan1
娺	žua3
㛧	man1
婤	žeu-
娷	šui2
婊	biau1
婷	tiŋ+
婺	u2
媮	teu-
媒	mei+
媒	mei2
媚	mei2
媛	yan+
媛	yan2
媞	ti+
媞	š2
媞	žai2
媢	mau2
媧	ua-
㛰	xun-
婼	čo3
媊	can+
媌	miau+
婿	sy2
媕	an-
媟	se3
媠	tuo1
娽	lu3
媥	pian-
媦	ui2
嫓	pi2
媵	iŋ2
媸	č-
媼	au1
媾	geu2
媿	kui2
嫁	gia2
嫂	sau1
嫄	yan+
嫉	zi3
嫉	zi2
嫋	ŋiau1
嫋	ŋi3
嫌	xian+
㜎	xi+
㜎	xi2
媰	ču+
媰	žeu-
媺	mei1
嫇	miŋ+
嫇	meŋ+
嫈	iŋ+
媻	pan+
媱	iau+
媳	si3
媽	ma+
媽	ma-
媽	mu1
嫏	laŋ+
嫗	y2
嫗	y1
嫚	man2
嫜	žaŋ-
嫠	li+
嫡	di3
嫣	ian-
嫣	ian1
嫣	ian2
嫩	nun2
嫪	lau2
嫪	lau+
嫫	mu+
嫖	piau2
嫖	piau+
嫢	gui-
嫭	xu2
㜝	ian1
嫘	lui+
嫦	čaŋ+
嫵	u1
嫺	xian+
嬀	gui-
嬃	sy-
嬉	xi-
嬉	xi2
嬋	šan+
嬌	giau-
嬌	giau1
嫽	liau+
嫽	liau2
嫽	liau1
嫿	xuo3
嬈	rau+
嬈	ŋiau1
嬈	xiau2
嫴	gu-
嬇	xui2
嬇	kui2
嫳	pie3
㜤	ŋian1
嫷	tuo2
嬎	fan2
㜣	ran+
㜣	ran1
嬖	bi2
嬙	caŋ+
嬙	sə3
嬛	xyan-
嬛	kyŋ+
嬛	xuan+
嬗	šan2
嬐	ian1
嬓	giau2
㜪	šen-
嬟	ŋi1
嬭	ni1
嬭	nai1
嬰	iŋ-
嬴	iŋ+
嬥	tiau+
嬪	pin+
嬲	ŋiau1
嬣	ŋiŋ+
嬬	ru+
嬳	xu3
嬤	ma1
嬤	mo1
嬸	šen1
嬻	du3
嬼	liu+
嬾	lan1
嬽	uan-
嬿	ian1
嬿	ian2
孀	šuaŋ-
孃	ŋiaŋ+
孃	raŋ+
孅	san-
㜷	mi+
㜲	iŋ+
孂	gian1
孈	xui2
孋	li+
孋	li2
孌	lyan1
孌	lyan2
孌	lyan+
孊	mi1
㜺	zan2
子	z1
子	c1
孑	gie3
孔	kuŋ1
孕	yn2
字	z2
存	cun+
孚	fu-
孛	pei2
孜	z-
孝	xiau2
孟	meŋ2
孟	maŋ2
季	gi2
孤	gu-
孥	nu+
孩	xai+
孨	žuan2
孨	ŋi3
孫	sun-
㝃	mian1
孰	šu3
孱	čan+
孱	čan2
孱	gian-
孳	z-
孳	z2
㝅	geu2
孴	ŋi1
孵	fu-
學	xio3
孺	ru+
孺	ru2
孼	ŋie3
孿	luan2
宀	mian+
宁	žu2
宂	ruŋ1
宄	gui1
它	to-
它	ta-
宅	žə3
宇	y1
守	šeu1
守	šeu2
安	an-
宋	suŋ2
完	uan+
宏	xuŋ+
宎	iau2
宎	iau-
宓	mi3
宕	daŋ2
宗	zuŋ-
官	guan-
宙	žeu2
定	diŋ2
宛	uan1
宛	yan-
宜	i+
宖	xuŋ+
客	kə3
宣	syan-
室	š3
宥	iu2
宦	xuan2
宧	i+
㝔	iau1
㝔	iau2
宮	guŋ-
宰	zai1
害	xai2
害	xo3
宴	ian2
宴	ian1
宵	sau-
家	gia-
宸	čen+
容	yŋ+
宬	čeŋ+
㝗	laŋ+
㝗	laŋ1
㝗	laŋ2
宭	kyn+
宭	gyn-
宿	su3
宿	su2
寀	cai1
寀	cai2
寂	zi3
寄	gi2
寅	in+
密	mi3
寇	keu2
寁	zan1
寁	ze3
富	fu2
寐	mei2
寒	xan+
寓	y2
寔	š3
寗	ŋiŋ2
寋	gian2
寎	biŋ2
寖	zn2
寘	ž2
寞	mo3
察	ča3
寡	gua1
寢	cn1
寤	u2
寥	liau+
寥	li3
實	š3
寧	ŋiŋ+
寨	žai2
寨	sə3
寠	leu+
㝩	kaŋ-
審	šen1
寫	se1
寬	kuan-
寮	liau+
寪	ui1
寰	xuan+
寱	i2
䞿	gian1
寵	čuŋ1
寶	bau1
㝱	muŋ2
寷	fuŋ-
寸	cun2
寺	s2
封	fuŋ-
封	fuŋ2
射	še2
射	š3
射	i3
射	ie2
尃	fu-
尅	kə3
將	zaŋ-
將	zaŋ2
將	caŋ-
專	žuan-
尉	ui2
尉	y3
尊	zun-
尋	sn+
尌	šu2
對	dui2
導	dau2
小	sau1
少	šau1
少	šau2
尒	er1
尖	zan-
尚	šaŋ2
尚	šaŋ+
尠	san1
尟	san1
尢	uaŋ+
尢	iu+
尤	iu+
尥	liau2
尩	uaŋ-
尨	maŋ+
尨	meŋ+
尬	ga2
㞂	tui1
㞆	gi1
就	zu2
尰	žuŋ1
尵	tui+
尷	gan-
ㄅ	bə3
ㄆ	pə3
ㄇ	mə3
ㄈ	fə3
ㄪ	wə3
ㄉ	də3
ㄊ	tə3
ㄋ	nə3
ㄌ	lə3
ㄍ	gə3
ㄎ	kə3
ㄫ	ŋə3
ㄏ	xə3
ㄐ	gi-
ㄑ	ki-
ㄬ	ŋi-
ㄒ	xi-
ㄓ	ž-
ㄔ	č-
ㄕ	š-
ㄖ	ri-
ㄗ	z-
ㄘ	c-
ㄙ	s-
ㄚ	a-
ㄛ	o-
ㄜ	ə-
ㄝ	e-
ㄞ	ai-
ㄟ	ei-
ㄠ	au-
ㄡ	eu-
ㄢ	an-
ㄣ	en-
ㄤ	aŋ-
ㄥ	eŋ-
ㄦ	er+
〇	liŋ+
㒎	sa3
偞	ie3
㒙	mian+
㔦	iaŋ1
嘒	xui2
㘂	c+
墆	die3
㚛	xi2
㛺	an2
㖄	žeu-
骶	di2
骶	di1
軟	ruan1
嚧	lu+
㝮	cui2
寝	cn1
遤	ma1